Fold,Subject
5, atoms1
4, atoms10
5, atoms100
1, atoms101
4, atoms102
1, atoms103
2, atoms104
3, atoms105
1, atoms106
4, atoms107
3, atoms108
1, atoms109
2, atoms11
2, atoms110
4, atoms111
2, atoms112
4, atoms114
1, atoms115
5, atoms116
5, atoms117
3, atoms118
5, atoms119
3, atoms12
4, atoms120
3, atoms121
5, atoms13
4, atoms14
1, atoms15
2, atoms16
4, atoms17
3, atoms18
3, atoms19
5, atoms2
3, atoms20
3, atoms21
4, atoms22
1, atoms23
2, atoms24
2, atoms25
2, atoms26
5, atoms27
4, atoms28
2, atoms29
3, atoms3
2, atoms30
2, atoms31
1, atoms32
3, atoms33
3, atoms34
4, atoms35
4, atoms36
5, atoms37
3, atoms38
4, atoms39
3, atoms4
3, atoms40
5, atoms41
5, atoms42
1, atoms43
1, atoms44
4, atoms45
4, atoms46
1, atoms47
4, atoms48
5, atoms49
3, atoms5
2, atoms50
3, atoms51
2, atoms52
5, atoms53
2, atoms54
4, atoms55
5, atoms56
1, atoms57
4, atoms58
4, atoms59
5, atoms6
4, atoms60
5, atoms61
4, atoms62
4, atoms63
5, atoms65
2, atoms66
1, atoms67
4, atoms68
3, atoms69
3, atoms7
1, atoms70
2, atoms71
2, atoms72
1, atoms73
1, atoms74
1, atoms75
4, atoms76
1, atoms77
5, atoms78
2, atoms79
3, atoms8
3, atoms80
1, atoms81
1, atoms82
5, atoms83
2, atoms84
2, atoms85
2, atoms86
2, atoms87
2, atoms88
5, atoms89
1, atoms9
1, atoms90
5, atoms91
2, atoms92
3, atoms93
3, atoms94
5, atoms95
5, atoms96
5, atoms97
1, atoms98
3, atoms99
